image,foreground_fraction,maximum_capacity_bits,gross_payload_bits,auxiliary_bits,net_payload_bits,drd,psnr_db,reversible,message_exact
47.pgm,0.6421432495117188,1088,816,568,248,0.570659871198935,28.164799306236993,True,True
114.pgm,0.34214019775390625,914,685,448,237,0.4996335317936117,28.88340223748579,True,True
143.pgm,0.018733978271484375,947,710,408,302,0.4470728627186084,28.634454733733424,True,True
200.pgm,0.016895294189453125,0,0,96,-96,0.0,inf,True,True
377.pgm,0.3071632385253906,1256,942,408,534,0.520789549452788,27.382044085370985,True,True
602.pgm,0.18507766723632812,498,373,360,13,0.16378412371670506,31.632674168483558,True,True
642.pgm,0.3686370849609375,260,195,232,-37,0.35462663399201255,34.36268688912093,True,True
662.pgm,0.7387542724609375,801,600,408,192,0.2752928692242529,29.713818906094424,True,True
764.pgm,0.01312255859375,265,198,240,-42,0.2526253448401664,34.9426063588978,True,True
898.pgm,0.380279541015625,815,611,448,163,0.37153013599593643,29.35666338342908,True,True
955.pgm,0.0041351318359375,0,0,96,-96,0.0,inf,True,True
1086.pgm,0.7181129455566406,986,739,448,291,0.49445817483252413,28.46831090142974,True,True
1313.pgm,0.38478851318359375,927,695,512,183,0.5433048540833569,28.79463823158885,True,True
1440.pgm,0.15144729614257812,1067,800,448,352,0.5385397031600441,28.089455127264415,True,True
1675.pgm,0.16261672973632812,2877,2157,544,1613,0.42113605192186837,23.643100120882643,True,True
2169.pgm,0.14818191528320312,746,559,408,151,0.26449257839285273,29.952940480148538,True,True
2229.pgm,0.504058837890625,0,0,96,-96,0.0,inf,True,True
2316.pgm,0.36568450927734375,410,307,360,-53,0.08636557628390092,32.36696334006889,True,True
2347.pgm,0.46808624267578125,1834,1375,512,863,0.25341074035859473,25.873102280845984,True,True
2485.pgm,0.1536712646484375,1056,792,448,344,0.46209670526222585,28.078797588617817,True,True
2591.pgm,0.0,0,0,96,-96,0.0,inf,True,True
2611.pgm,0.20493316650390625,572,429,360,69,0.17011102946152962,30.365228793767933,True,True
2623.pgm,0.31473541259765625,805,603,448,155,0.5664581112357661,29.385329789945107,True,True
2642.pgm,0.20610427856445312,1622,1216,568,648,0.534460163231071,26.33922629318786,True,True
2760.pgm,0.36815643310546875,1150,862,512,350,0.415366751544329,28.100138883744673,True,True
2794.pgm,0.4178924560546875,0,0,96,-96,0.0,inf,True,True
2844.pgm,0.023677825927734375,0,0,96,-96,0.0,inf,True,True
2890.pgm,0.10150146484375,1686,1264,568,696,0.6252696610448459,26.219655887412316,True,True
2958.pgm,0.3733940124511719,2669,2001,592,1409,0.7258779000080121,24.107921439509216,True,True
3120.pgm,0.4697990417480469,987,740,408,332,0.4990582573950617,28.782104471607877,True,True
3131.pgm,0.46704864501953125,0,0,96,-96,0.0,inf,True,True
3137.pgm,0.8365249633789062,656,492,448,44,0.13466106324548724,30.625140647585386,True,True
3357.pgm,0.44023895263671875,857,642,448,194,0.3453274674408457,29.12034889546789,True,True
3465.pgm,0.20779800415039062,886,664,408,256,0.2102027216481488,28.87061004909406,True,True
3555.pgm,0.4117774963378906,2129,1596,632,964,0.5311230171366156,25.203634384539846,True,True
3636.pgm,0.7741661071777344,882,661,408,253,0.567496268009209,28.94793455140097,True,True
3745.pgm,0.167816162109375,480,360,272,88,0.3789134594666826,31.958234508040782,True,True
3836.pgm,0.3503265380859375,0,0,96,-96,0.0,inf,True,True
3905.pgm,0.2114715576171875,752,564,448,116,0.15215009549319877,29.871761577926744,True,True
3949.pgm,0.22566604614257812,630,472,408,64,0.06198775238167487,30.276048148482822,True,True
4044.pgm,0.25917816162109375,732,549,408,141,0.07635039140962328,29.698336020465813,True,True
4132.pgm,0.3730812072753906,815,611,512,99,0.14849425653479498,29.47248210892723,True,True
4372.pgm,0.420440673828125,402,301,296,5,0.2252667053136462,32.571719197166864,True,True
4436.pgm,0.3412284851074219,545,408,360,48,0.07271458618949835,31.37506554703934,True,True
4482.pgm,0.521392822265625,638,478,360,118,0.07237725629810261,31.04672701582508,True,True
4754.pgm,0.22488784790039062,1107,830,488,342,0.1871765636581956,27.96325898985366,True,True
4814.pgm,0.00193023681640625,0,0,96,-96,0.0,inf,True,True
4888.pgm,0.0,0,0,96,-96,0.0,inf,True,True
5015.pgm,0.036090850830078125,1135,851,488,363,0.35616244502909095,28.11084898736993,True,True
5060.pgm,0.2789344787597656,2197,1647,544,1103,0.39694409752870774,24.82529126236452,True,True
5107.pgm,0.052440643310546875,1695,1271,448,823,0.5256476557512011,26.30371550810494,True,True
5360.pgm,0.032115936279296875,767,575,360,215,0.39803007573238774,29.60658025217669,True,True
5428.pgm,0.0,0,0,96,-96,0.0,inf,True,True
5566.pgm,3.814697265625e-06,0,0,96,-96,0.0,inf,True,True
5597.pgm,0.0,0,0,96,-96,0.0,inf,True,True
5821.pgm,0.16112899780273438,1169,876,544,332,0.5439978455007324,27.860826297669373,True,True
6027.pgm,0.0004119873046875,0,0,96,-96,0.0,inf,True,True
6055.pgm,0.1078033447265625,617,462,408,54,0.45463351079542685,30.25842968691996,True,True
6206.pgm,0.4667091369628906,697,522,408,114,0.5792904769968431,29.744951260335853,True,True
6260.pgm,0.0048370361328125,0,0,96,-96,0.0,inf,True,True
6300.pgm,0.11592864990234375,1563,1172,568,604,0.6661711404079377,26.634276555565904,True,True
6310.pgm,0.09885787963867188,918,688,488,200,0.17042082584382162,28.70765216563839,True,True
6464.pgm,0.593475341796875,2529,1896,592,1304,0.48709401108367045,24.18539921951662,True,True
6512.pgm,0.14977645874023438,1094,820,512,308,0.3174202142443365,27.96325898985366,True,True
6770.pgm,0.05440521240234375,0,0,96,-96,0.0,inf,True,True
6866.pgm,0.16755294799804688,406,304,280,24,0.0922082563359504,31.98431833911606,True,True
7020.pgm,0.18119049072265625,1805,1353,512,841,0.617806957232863,25.89880025416342,True,True
7043.pgm,0.16617584228515625,825,618,408,210,0.5109051279000043,29.133899436317556,True,True
7110.pgm,0.12110137939453125,0,0,96,-96,0.0,inf,True,True
7419.pgm,0.16480255126953125,2145,1608,688,920,0.21944046111650853,25.377263296708705,True,True
7431.pgm,0.2900657653808594,2244,1683,568,1115,0.41360051989269253,24.82529126236452,True,True
7476.pgm,0.29195404052734375,1141,855,408,447,0.403896347105434,27.95290631553761,True,True
7482.pgm,0.30963897705078125,752,564,360,204,0.43289170425204876,29.45783472634449,True,True
7646.pgm,0.1043548583984375,1043,782,512,270,0.13573646296882055,28.15395549331479,True,True
7690.pgm,0.22375106811523438,1304,978,512,466,0.2652875569849448,27.391120253395425,True,True
7759.pgm,0.24929428100585938,985,738,488,250,0.32869248095698383,28.433520770240005,True,True
7849.pgm,0.30190277099609375,2465,1848,568,1280,0.561350729541886,24.21153537554348,True,True
8101.pgm,0.06956863403320312,0,0,96,-96,0.0,inf,True,True
8105.pgm,0.30126190185546875,786,589,448,141,0.4861644043272384,29.34240082604876,True,True
8159.pgm,0.033771514892578125,692,519,408,111,0.4914733401341314,30.401420210035237,True,True
8253.pgm,0.10301589965820312,621,465,296,169,0.47816722210647805,30.137062053317237,True,True
8264.pgm,0.0824127197265625,4260,3195,712,2483,0.7487595788458079,22.16051604891568,True,True
8306.pgm,0.23462295532226562,556,417,360,57,0.10602813514084376,30.761172411294552,True,True
8382.pgm,0.0,0,0,96,-96,0.0,inf,True,True
8451.pgm,0.39928436279296875,1513,1134,568,566,0.574228640975144,26.664914741322228,True,True
8487.pgm,0.6619529724121094,887,665,512,153,0.16908592523992347,28.819814793801314,True,True
8572.pgm,0.33172607421875,678,508,448,60,0.17037726051920685,30.069202159884313,True,True
8760.pgm,0.12469482421875,625,468,448,20,0.09700479415294769,30.800834283470564,True,True
8785.pgm,0.058940887451171875,378,283,264,19,0.45920490213700876,32.78660835550425,True,True
8804.pgm,0.054248809814453125,1828,1371,512,859,0.6281331814698389,25.86031009245425,True,True
9044.pgm,0.02457427978515625,559,419,360,59,0.47639616164067994,30.474720596799255,True,True
9092.pgm,0.011699676513671875,0,0,96,-96,0.0,inf,True,True
9257.pgm,0.01927947998046875,713,534,408,126,0.4626050169195279,29.636950619431516,True,True
9275.pgm,0.13422393798828125,999,749,448,301,0.5053714884017246,28.44508654223943,True,True
9364.pgm,0.4443016052246094,1764,1323,544,779,0.695837494530971,26.096540545918494,True,True
9487.pgm,0.09849929809570312,1928,1446,512,934,0.4152384042048902,25.469669864057828,True,True
9599.pgm,0.0093231201171875,0,0,96,-96,0.0,inf,True,True
9724.pgm,0.09785842895507812,1162,871,544,327,0.32258192330893115,27.77065811447562,True,True
9863.pgm,1.52587890625e-05,0,0,96,-96,0.0,inf,True,True
9999.pgm,0.1356353759765625,2126,1594,592,1002,0.642422314145064,25.149074058674238,True,True
